delist_date,name,code,market_name,reason,category
2017-01-16,ダルトン,7432,JQスタンダード,株式の併合,acquisition
2017-01-16,ＳＯＭＰＯケアメッセージ,2400,JQスタンダード,株式等売渡請求による取得,acquisition
2017-01-20,マネースクウェアＨＤ,8728,第一部,株式の併合,acquisition
2017-01-24,ミツミ電機,6767,第一部,ミネベアミツミの完全子会社化,acquisition
2017-01-30,エイチアンドエフ,6163,JQスタンダード,株式等売渡請求による取得,acquisition
2017-02-06,日本デジタル研究所,6935,第一部,株式等売渡請求による取得,acquisition
2017-02-10,アデランス,8170,第一部,株式の併合,acquisition
2017-02-24,インテア・ホールディングス,3734,マザーズ,光通信の完全子会社化,acquisition
2017-03-22,パナソニック　デバイスＳＵＮＸ,6860,第一部,パナソニックの完全子会社化,acquisition
2017-03-23,アコーディア・ゴルフ,2131,第一部,株式の併合,acquisition
2017-03-28,Ｔ＆Ｃメディカルサイエンス,3832,JQグロース,JASDAQ業績基準該当及び債務超過,failure
2017-03-29,東燃ゼネラル石油,5012,第一部,ＪＸＴＧホールディングスの完全子会社化,acquisition
2017-03-29,コカ・コーライーストジャパン,2580,第一部,コカ・コーラボトラーズジャパンの完全子会社化,acquisition
2017-04-26,イハラケミカル工業,4989,第一部,クミアイ化学工業に合併,acquisition
2017-04-26,攝津製油,2611,第二部,日清オイリオグループの完全子会社化,acquisition
2017-04-28,高木証券,8625,第二部,株式等売渡請求による取得,acquisition
2017-05-01,バンク・オブ・アメリカ・コーポレーション,8648,第一部（外国株）,申請による上場廃止,other
2017-05-02,ニッコウトラベル,9373,第二部,株式等売渡請求による取得,acquisition
2017-05-08,カルソニックカンセイ,7248,第一部,株式等売渡請求による取得,acquisition
2017-05-29,フード・プラネット,7853,第二部,内部管理体制等について改善がなされなかったと当取引所が認める場合,failure
2017-05-29,三浦印刷,7920,第二部,株式等売渡請求による取得,acquisition
2017-06-02,住友不動産販売,8870,第一部,株式等売渡請求による取得,acquisition
2017-06-28,ベスト電器,8175,第一部,ヤマダ電機の完全子会社化,acquisition
2017-07-06,丸栄,8245,第一部,株式等売渡請求による取得,acquisition
2017-07-24,日立工機,6581,第一部,株式の併合,acquisition
2017-07-27,タカタ,7312,第一部,民事再生手続き,failure
2017-07-27,ＴＡＳＡＫＩ,7968,第一部,スターダスト（非上場）に合併,acquisition
2017-07-27,日本コロムビア,6791,第一部,フェイスの完全子会社化,acquisition
2017-07-27,データリンクス,2145,JQスタンダード,ＤＴＳの完全子会社化,acquisition
2017-08-10,ＵＳＥＮ,4842,JQスタンダード,株式の併合,acquisition
2017-09-07,大林道路,1896,第一部,株式の併合,acquisition
2017-09-11,郷鉄工所,6397,第二部,有価証券報告書提出遅延,other
2017-09-27,日本無線,6751,第一部,日清紡ホールディングスの完全子会社化,acquisition
2017-09-27,パナホーム,1924,第一部,株式の併合,acquisition
2017-10-27,メガネスーパー,3318,JQスタンダード,ビジョナリーホールディングスの完全子会社化,acquisition
2017-11-28,山下医科器械,3022,第一部,ヤマシタヘルスケアホールディングスの完全子会社化,acquisition
2017-12-18,ゲンキー,2772,第一部,Ｇｅｎｋｙ ＤｒｕｇＳｔｏｒｅｓの完全子会社化,acquisition
2017-12-25,曽田香料,4965,JQスタンダード,株式の併合,acquisition
2017-12-27,ダンロップスポーツ,7825,第一部,住友ゴム工業に合併,acquisition
2017-12-29,技研興業,9764,第二部,技研ホールディングスの完全子会社化,acquisition
2018-01-23,富士機工,7260,第一部,株式等売渡請求による取得,acquisition
2018-01-29,富士通ビー・エス・シー,4793,JQスタンダード,富士通の完全子会社化,acquisition
2018-01-29,郵船ロジスティクス,9370,第一部,株式等売渡請求による取得,acquisition
2018-02-01,増田製粉所,2008,第二部,株式等売渡請求による取得,acquisition
2018-02-01,ポケットカード,8519,第一部,株式の併合,acquisition
2018-03-09,日立国際電気,6756,第一部,株式の併合,acquisition
2018-03-16,アサツー　ディ・ケイ,9747,第一部,株式の併合,acquisition
2018-03-16,黒田電気,7517,第一部,株式等売渡請求による取得,acquisition
2018-03-19,上原成商事,8148,第二部,株式の併合,acquisition
2018-03-20,鈴縫工業,1846,第二部,株式等売渡請求による取得,acquisition
2018-03-28,沖電線,5815,第一部,株式の併合,acquisition
2018-03-28,三重銀行,8374,第一部,三十三フィナンシャルグループの完全子会社化,acquisition
2018-03-28,第三銀行,8529,第一部,三十三フィナンシャルグループの完全子会社化,acquisition
2018-03-28,関西アーバン銀行,8545,第一部,関西みらいフィナンシャルグループの完全子会社化,acquisition
2018-03-28,みなと銀行,8543,第一部,関西みらいフィナンシャルグループの完全子会社化,acquisition
2018-04-24,テクニカル電子,6716,JQスタンダード,株式等売渡請求による取得,acquisition
2018-04-25,ＵＣＳ,8787,JQスタンダード,ユニーの完全子会社化,acquisition
2018-05-08,川崎化成工業,4117,第二部,株式等売渡請求による取得,acquisition
2018-06-22,東栄リーファーライン,9133,JQスタンダード,株式の併合,acquisition
2018-06-27,石井工作研究所,6314,JQスタンダード,ＦＩＧの完全子会社化,acquisition
2018-06-27,モバイルクリエイト,3669,第一部,ＦＩＧの完全子会社化,acquisition
2018-06-27,シーシーエス,6669,JQスタンダード,オプテックスグループの完全子会社化,acquisition
2018-07-23,日本海洋掘削,1606,第一部,会社更生手続き,failure
2018-07-27,ジャパン・フード＆リカー・アライアンス,2538,第二部,ＪＦＬＡホールディングスの完全子会社化,acquisition
2018-07-30,東洋鋼鈑,5453,第一部,株式等売渡請求による取得,acquisition
2018-08-06,キタムラ,2719,第二部,株式等売渡請求による取得,acquisition
2018-08-29,ヤマダ・エスバイエルホーム,1919,第一部,ヤマダ電機の完全子会社化,acquisition
2018-08-29,新日本無線,6911,第一部,日清紡ホールディングスの完全子会社化,acquisition
2018-09-03,ソルガム・ジャパン・ホールディングス,6636,JQスタンダード,有価証券報告書提出遅延,other
2018-09-18,三信建設工業,1984,JQスタンダード,株式等売渡請求による取得,acquisition
2018-09-26,日本電通,1931,第二部,協和エクシオの完全子会社化,acquisition
2018-09-26,ＳＹＳＫＥＮ,1933,第二部,コムシスホールディングスの完全子会社化,acquisition
2018-09-26,ＴＴＫ,1935,第二部,ミライト・ホールディングスの完全子会社化,acquisition
2018-09-26,西部電気工業,1937,第一部,協和エクシオの完全子会社化,acquisition
2018-09-26,ＮＤＳ,1956,第一部,コムシスホールディングスの完全子会社化,acquisition
2018-09-26,北陸電話工事,1989,第二部,コムシスホールディングスの完全子会社化,acquisition
2018-09-26,サムシングホールディングス,1408,JQグロース,ITbookホールディングスの完全子会社化,acquisition
2018-09-26,日成ビルド工業,1916,第一部,スペースバリューホールディングスの完全子会社化,acquisition
2018-09-26,ブックオフコーポレーション,3313,第一部,ブックオフグループホールディングスの完全子会社化,acquisition
2018-09-26,サン・ライフ,4656,JQスタンダード,サン・ライフホールディングの完全子会社化,acquisition
2018-09-26,ＩＴｂｏｏｋ,3742,マザーズ,ITbookホールディングスの完全子会社化,acquisition
2018-09-26,みんなのウェディング,3685,マザーズ,くふうカンパニーの完全子会社化,acquisition
2018-09-26,さが美グループホールディングス,8201,第一部,株式の併合,acquisition
2018-09-26,北越銀行,8325,第一部,第四北越フィナンシャルグループの完全子会社化,acquisition
2018-09-26,第四銀行,8324,第一部,第四北越フィナンシャルグループの完全子会社化,acquisition
2018-09-26,総合メディカル,4775,第一部,総合メディカルホールディングスの完全子会社化,acquisition
2018-09-26,オウチーノ,6084,マザーズ,くふうカンパニーの完全子会社化,acquisition
2018-09-26,ゼニス羽田ホールディングス,5289,第二部,ベルテクスコーポレーションの完全子会社化,acquisition
2018-09-26,ダイヤモンド電機,6895,第二部,ダイヤモンドエレクトリックホールディングスの完全子会社化,acquisition
2018-10-12,三井ホーム,1868,第一部,株式等売渡請求による取得,acquisition
2018-10-12,アーバンライフ,8851,第二部,株式等売渡請求による取得,acquisition
2018-10-22,東武ストア,8274,第一部,株式等売渡請求による取得,acquisition
2018-10-26,Ｄ．Ａ．コンソーシアムホールディングス,6534,第二部,株式等売渡請求による取得,acquisition
2018-11-20,富士通コンポーネント,6719,第二部,株式の併合,acquisition
2018-11-27,エキサイト,3754,JQスタンダード,株式等売渡請求による取得,acquisition
2018-12-03,アメリカン・インターナショナル・グループ・インク,8685,第一部（外国株）,申請による上場廃止,other
2018-12-04,桑山,7889,JQスタンダード,株式等売渡請求による取得,acquisition
2018-12-26,ソルコム,1987,第二部,ミライト・ホールディングスの完全子会社化,acquisition
2018-12-26,アルパイン,6816,第一部,アルプスアルパインの完全子会社化,acquisition
2018-12-26,エルナー,6972,第二部,太陽誘電の完全子会社化,acquisition
2018-12-26,日新製鋼,5413,第一部,新日鐵住金の完全子会社化,acquisition
2019-01-08,エヌ・ティ・ティ都市開発,8933,第一部,株式等売渡請求による取得,acquisition
2019-01-22,大京,8840,第一部,株式等売渡請求による取得,acquisition
2019-01-25,ダイベア,6478,第二部,株式等売渡請求による取得,acquisition
2019-01-28,夢テクノロジー,2458,JQスタンダード,夢真ホールディングスの完全子会社化,acquisition
2019-02-01,アクリーティブ,8423,第一部,株式の併合,acquisition
2019-02-12,光製作所,8191,JQスタンダード,株式の併合,acquisition
2019-02-18,シベール,2228,JQスタンダード,民事再生手続き,failure
2019-02-26,ヒト・コミュニケーションズ,3654,第一部,ヒト・コミュニケーションズ・ホールディングスの完全子会社化,acquisition
2019-03-07,ＦＣＭ,5758,JQスタンダード,株式等売渡請求による取得,acquisition
2019-03-13,エナリス,6079,マザーズ,株式の併合,acquisition
2019-03-19,一六堂,3366,第一部,株式の併合,acquisition
2019-03-25,クラリオン,6796,第一部,株式等売渡請求による取得,acquisition
2019-03-27,昭和シェル石油,5002,第一部,出光興産の完全子会社化,acquisition
2019-03-27,十八銀行,8396,第一部,ふくおかフィナンシャルグループの完全子会社化,acquisition
2019-03-27,バイテックホールディングス,9957,第一部,レスターホールディングスに合併,acquisition
2019-03-27,パイオニア,6773,第一部,株式の併合,acquisition
2019-04-18,ベリサーブ,3724,第一部,株式等売渡請求による取得,acquisition
2019-04-18,ＪＩＥＣ,4291,第二部,株式等売渡請求による取得,acquisition
2019-04-22,シーズ・ホールディングス,4924,第一部,株式の併合,acquisition
2019-05-29,スター・マイカ,3230,第一部,スター・マイカ・ホールディングスの完全子会社化,acquisition
2019-06-18,エヌ・デーソフトウェア,3794,第二部,株式の併合,acquisition
2019-07-10,フーマイスターエレクトロニクス,3165,JQスタンダード,株式の併合,acquisition
2019-07-23,朝日工業,5456,JQスタンダード,株式の併合,acquisition
2019-07-30,図書印刷,7913,第一部,凸版印刷の完全子会社化,acquisition
2019-07-30,アピックヤマダ,6300,第二部,株式等売渡請求による取得,acquisition
2019-07-30,ＫＩホールディングス,6747,第二部,株式等売渡請求による取得,acquisition
2019-07-30,ジョリーパスタ,9899,第二部,ゼンショーホールディングスの完全子会社化,acquisition
2019-08-05,ユーシン,6985,第一部,株式の併合,acquisition
2019-08-23,日本ライトン,2703,JQスタンダード,株式等売渡請求による取得,acquisition
2019-08-29,薬王堂,3385,第一部,薬王堂ホールディングスの完全子会社化,acquisition
2019-08-29,カブドットコム証券,8703,第一部,株式の併合,acquisition
2019-08-29,理研グリーン,9992,JQスタンダード,クミアイ化学工業の完全子会社化,acquisition
2019-08-29,日本ビューホテル,6097,第一部,ヒューリックの完全子会社化,acquisition
2019-09-18,日東エフシー,4033,第一部,株式の併合,acquisition
2019-09-27,やまねメディカル,2144,JQグロース,SIホールディングスの完全子会社化,acquisition
2019-09-27,田淵電機,6624,第一部,ダイヤモンドエレクトリックホールディングスの完全子会社化,acquisition
2019-10-03,アフラック・インコーポレーテッド,8686,第一部（外国株）,申請による上場廃止,other
2019-11-01,花月園観光,9674,第二部,時価総額が所要額未満,other
2019-11-07,青木あすなろ建設,1865,第一部,株式等売渡請求による取得,acquisition
2019-11-08,ポラテクノ,4239,JQスタンダード,株式等売渡請求による取得,acquisition
2019-12-23,シャクリー・グローバル・グループ,8205,JQスタンダード,株式の併合,acquisition
2019-12-30,ミサワホーム,1722,第一部,トヨタホーム（非上場）の完全子会社化,acquisition
2020-01-07,リーバイ・ストラウス　ジャパン,9836,JQスタンダード,株式等売渡請求による取得,acquisition
2020-01-09,デファクトスタンダード,3545,第一部,BEENOSの完全子会社化,acquisition
2020-01-21,Ｍｉｎｏｒｉソリューションズ,3822,第一部,株式等売渡請求による取得,acquisition
2020-01-23,マジェスティ ゴルフ,7834,JQスタンダード,株式の併合,acquisition
2020-01-27,東芝プラントシステム,1983,第一部,株式等売渡請求による取得,acquisition
2020-02-18,ココスジャパン,9943,JQスタンダード,日本レストランホールディングス（非上場）の完全子会社化,acquisition
2020-02-27,西芝電機,6591,第二部,株式等売渡請求による取得,acquisition
2020-02-27,田辺三菱製薬,4508,第一部,株式等売渡請求による取得,acquisition
2020-02-27,創通,3711,JQスタンダード,株式の併合,acquisition
2020-02-27,マックスバリュ北海道,7465,JQスタンダード,イオン北海道に合併,acquisition
2020-02-27,マックスバリュ東北,2655,第二部,イオンの完全子会社化,acquisition
2020-03-09,ＦＵＪＩＫＯＨ,2405,第二部,株式の併合,acquisition
2020-03-16,ＵＭＮファーマ,4585,マザーズ,株式の併合,acquisition
2020-03-17,カネヨウ,3209,第二部,株式の併合,acquisition
2020-03-18,パルコ,8251,第一部,株式等売渡請求による取得,acquisition
2020-03-26,マイスターエンジニアリング,4695,第二部,株式の併合,acquisition
2020-03-27,細田工務店,1906,JQスタンダード,株式の併合,acquisition
2020-03-29,小島鉄工所,6112,第二部,時価総額が所要額未満,other
2020-03-30,エクセル,7591,第一部,シティインデックスイレブンス（非上場）の完全子会社化,acquisition
2020-03-30,エー・ディー・ワークス,3250,第一部,ＡＤワークスグループの完全子会社化,acquisition
2020-03-30,ニューフレアテクノロジー,6256,JQスタンダード,株式の併合,acquisition
2020-04-15,ＪＥＵＧＩＡ,9826,第二部,株式等売渡請求による取得,acquisition
2020-04-17,総合メディカルホールディングス,9277,第一部,株式等売渡請求による取得,acquisition
2020-04-20,昭和飛行機工業,7404,第二部,株式等売渡請求による取得,acquisition
2020-05-18,日立ハイテク,8036,第一部,株式等売渡請求による取得,acquisition
2020-05-25,ヤマハモーターロボティクスホールディングス,6274,第一部,株式等売渡請求による取得,acquisition
2020-06-01,ツヴァイ,2417,第二部,株式等売渡請求による取得,acquisition
2020-06-02,豆蔵ホールディングス,3756,第一部,株式の併合,acquisition
2020-06-05,オーデリック,6889,JQスタンダード,株式の併合,acquisition
2020-06-16,レナウン,3606,第一部,公益・投資者保護（民事再生手続き開始の決定）,failure
2020-06-18,大都魚類,8044,第二部,株式等売渡請求による取得,acquisition
2020-06-18,ユニゾホールディングス,3258,第一部,株式の併合,acquisition
2020-06-19,日立化成,4217,第一部,株式の併合,acquisition
2020-06-29,ラ・アトレ,8885,JQグロース,ＬＡホールディングスの完全子会社化,acquisition
2020-07-10,日本ユピカ,7891,JQスタンダード,株式の併合,acquisition
2020-07-28,ミヤコ,3424,JQスタンダード,株式の併合,acquisition
2020-07-29,だいこう証券ビジネス,8692,第一部,株式等売渡請求による取得,acquisition
2020-07-30,アーク,7873,第一部,三井化学の完全子会社化,acquisition
2020-08-26,ライクキッズ,6065,第一部,株式等売渡請求による取得,acquisition
2020-08-28,マックスバリュ九州,3171,JQスタンダード,イオン九州に合併,acquisition
2020-08-31,ソニーフィナンシャルホールディングス,8729,第一部,株式等売渡請求による取得,acquisition
2020-09-25,ボーソー油脂,2608,第二部,株式の併合,acquisition
2020-09-29,インヴァスト証券,8709,JQスタンダード,インヴァストの完全子会社化,acquisition
2020-09-29,広島銀行,8379,第一部,ひろぎんホールディングスの完全子会社化,acquisition
2020-09-29,アイペット損害保険,7323,マザーズ,アイペットホールディングスの完全子会社化,acquisition
2020-10-03,Ｎｕｔｓ,7612,JQスタンダード,公益・投資者保護（破産手続き開始の決定）,failure
2020-10-20,ＬＩＸＩＬビバ,3564,第一部,株式の併合,acquisition
2020-10-28,川澄化学工業,7703,第二部,株式等売渡請求による取得,acquisition
2020-11-05,ニチイ学館,9792,第一部,株式の併合,acquisition
2020-11-11,ショーワ,7274,第一部,株式等売渡請求による取得,acquisition
2020-11-11,日信工業,7230,第一部,株式等売渡請求による取得,acquisition
2020-11-11,ケーヒン,7251,第一部,株式等売渡請求による取得,acquisition
2020-11-12,ファミリーマート,8028,第一部,株式の併合,acquisition
2020-11-27,アプラスフィナンシャル,8589,第一部,株式等売渡請求による取得,acquisition
2020-12-24,富士通フロンテック,6945,第二部,株式の併合,acquisition
2020-12-25,NTTドコモ,9437,第一部,株式等売渡請求による取得,acquisition
2020-12-29,ＬＩＮＥ,3938,第一部,株式の併合,acquisition
2021-01-06,キリン堂ホールディングス,3194,第一部,株式の併合,acquisition
2021-01-13,医学生物学研究所,4557,JQスタンダード,株式等売渡請求による取得,acquisition
2021-01-19,ソフトブレーン,4779,第一部,株式の併合,acquisition
2021-01-28,エイアンドティー,6722,JQスタンダード,トクヤマの完全子会社化,acquisition
2021-02-12,プラマテルズ,2714,JQスタンダード,株式等売渡請求による取得,acquisition
2021-02-17,川金ホールディングス,5614,第二部,株式の併合,acquisition
2021-03-17,ケネディクス,4321,第一部,株式の併合,acquisition
2021-03-22,テクノ・セブン,6852,JQスタンダード,株式等売渡請求による取得,acquisition
2021-03-22,アンドール,4640,JQスタンダード,株式等売渡請求による取得,acquisition
2021-03-22,アイレックス,6944,JQスタンダード,株式等売渡請求による取得,acquisition
2021-03-23,よみうりランド,9671,第一部,株式の併合,acquisition
2021-03-24,島忠,8184,第一部,株式の併合,acquisition
2021-03-25,山陽百貨店,8257,JQスタンダード,株式等売渡請求による取得,acquisition
2021-03-30,夢真ホールディングス,2362,JQスタンダード,夢真ビーネックスグループに合併,acquisition
2021-03-30,関西みらいフィナンシャルグループ,7321,第一部,りそなホールディングスの完全子会社化,acquisition
2021-03-30,ジェコー,7768,第二部,デンソーの完全子会社化,acquisition
2021-03-30,日立キャピタル,8586,第一部,三菱ＵＦＪリースに合併,acquisition
2021-03-30,ワンダーコーポレーション,3344,JQスタンダード,REXTの完全子会社化,acquisition
2021-03-30,あすか製薬,4514,第一部,あすか製薬ホールディングスの完全子会社化,acquisition
2021-03-30,ＯＳＪＢホールディングス,5912,第一部,オリエンタル白石に合併,acquisition
2021-03-30,アクトコール,6064,マザーズ,シック・ホールディングスの完全子会社化,acquisition
2021-03-30,ＬＩＴＡＬＩＣＯ,6187,第一部,LITALICOメディア＆ソリューションズの完全子会社化,acquisition
2021-03-30,ジーンズメイト,7448,第一部,REXTの完全子会社化,acquisition
2021-03-30,ＨＡＰｉＮＳ,7577,JQスタンダード,REXTの完全子会社化,acquisition
2021-03-30,沢井製薬,4555,第一部,サワイグループホールディングスの完全子会社化,acquisition
2021-04-23,東京ドーム,9681,第一部,株式の併合,acquisition
2021-04-26,日本フォームサービス,7869,JQスタンダード,株式の併合,acquisition
2021-04-26,ジャパンシステム,9758,JQスタンダード,株式の併合,acquisition
2021-05-24,常磐開発,1782,JQスタンダード,株式の併合,acquisition
2021-05-28,ながの東急百貨店,9829,JQスタンダード,東急の完全子会社化,acquisition
2021-05-28,ダイナックホールディングス,2675,第二部,株式等売渡請求による取得,acquisition
2021-06-07,ビーイング,4734,JQスタンダード,株式の併合,acquisition
2021-06-10,ユニマット　リタイアメント・コミュニティ,9707,JQスタンダード,株式の併合,acquisition
2021-06-17,ツクイホールディングス,2398,第一部,株式の併合,acquisition
2021-06-18,Ｎ・フィールド,6077,第一部,株式の併合,acquisition
2021-06-28,ワタベウェディング,4696,第一部,株式の併合・破産手続、再生手続又は更生手続に準ずる状態（債務免除）,failure
2021-06-29,マーキュリアインベストメント,7190,第一部,マーキュリアホールディングスの完全子会社化,acquisition
2021-06-29,リファインバース,6531,マザーズ,リファインバースグループの完全子会社化,acquisition
2021-06-29,電算システム,3630,第一部,電算システムホールディングスの完全子会社化,acquisition
2021-06-30,イグニス,3689,マザーズ,株式の併合,acquisition
2021-07-12,大日本コンサルタント,9797,第二部,DNホールディングスの完全子会社化,acquisition
2021-07-20,新内外綿,3125,第二部,シキボウの完全子会社化,acquisition
2021-07-21,昭光通商,8090,第一部,株式の併合,acquisition
2021-07-26,五洋インテックス,7519,JQスタンダード,内部管理体制等の改善がなされず改善の見込みがなくなったと当取引所が認める場合,failure
2021-07-28,ミサワホーム中国,1728,JQスタンダード,株式等売渡請求による取得,acquisition
2021-07-28,ビオフェルミン製薬,4517,第一部,大正製薬ホールディングスの完全子会社化,acquisition
2021-07-28,ニッパンレンタル,4669,JQスタンダード,株式の併合,acquisition
2021-07-29,エス・ディー・エス　バイオテック,4952,第二部,出光興産の完全子会社化,acquisition
2021-07-29,ファミリー,8298,JQスタンダード,株式等売渡請求による取得,acquisition
2021-07-29,明星電気,6709,第二部,ＩＨＩの完全子会社化,acquisition
2021-07-29,川重冷熱工業,6414,JQスタンダード,川崎重工業の完全子会社化,acquisition
2021-08-01,オンキヨーホームエンターテイメント,6628,JQスタンダード,債務超過,failure
2021-08-26,船井電機,6839,第一部,株式の併合,acquisition
2021-08-30,フジコー,3515,JQスタンダード,日本毛織の完全子会社化,acquisition
2021-08-30,大塚家具,8186,JQスタンダード,ヤマダホールディングスの完全子会社化,acquisition
2021-08-31,ＰＡＬＴＥＫ,7587,第二部,株式の併合,acquisition
2021-09-14,オリバー,7959,第一部,株式等売渡請求による取得,acquisition
2021-09-14,本州化学工業,4115,第二部,株式の併合,acquisition
2021-09-17,ＥＰＳホールディングス,4282,第一部,株式の併合,acquisition
2021-09-27,日本アジアグループ,3751,第一部,株式の併合,acquisition
2021-09-28,ＡＯＩ　ＴＹＯ　Ｈｏｌｄｉｎｇｓ,3975,第一部,株式の併合,acquisition
2021-09-29,ココカラファイン,3098,第一部,マツキヨココカラ＆カンパニーの完全子会社化,acquisition
2021-09-29,前田建設工業,1824,第一部,インフロニア・ホールディングスの完全子会社化,acquisition
2021-09-29,前田道路,1883,第一部,インフロニア・ホールディングスの完全子会社化,acquisition
2021-09-29,タケエイ,2151,第一部,TREホールディングスの完全子会社化,acquisition
2021-09-29,マナック,4364,第二部,マナック・ケミカル・パートナーズの完全子会社化,acquisition
2021-09-29,くふうカンパニー （2021年9月30日付で（株）くふう中間持株会社に商号変更予定）,4399,マザーズ,くふうカンパニーの完全子会社化,acquisition
2021-09-29,ロコガイド,4497,マザーズ,くふうカンパニーの完全子会社化,acquisition
2021-09-29,リバーホールディングス,5690,第二部,TREホールディングスの完全子会社化,acquisition
2021-09-29,ヤマエ久野,8108,第一部,ヤマエグループホールディングスの完全子会社化,acquisition
2021-09-29,マルカ,7594,第一部,フルサト・マルカホールディングスの完全子会社化,acquisition
2021-09-29,前田製作所,6281,JQスタンダード,インフロニア・ホールディングスの完全子会社化,acquisition
2021-09-29,長大,9624,第一部,人・夢・技術グループの完全子会社化,acquisition
2021-09-29,一家ダイニングプロジェクト,9266,第一部,一家ホールディングスの完全子会社化,acquisition
2021-09-29,沖縄銀行,8397,第一部,おきなわフィナンシャルグループの完全子会社化,acquisition
2021-09-29,十六銀行,8356,第一部,十六フィナンシャルグループの完全子会社化,acquisition
2021-09-29,フルサト工業,8087,第一部,フルサト・マルカホールディングスの完全子会社化,acquisition
2021-09-29,ミアヘルサ,7688,JQスタンダード,ミアヘルサホールディングスの完全子会社化,acquisition
2021-09-29,北國銀行,8363,第一部,北國フィナンシャルホールディングスの完全子会社化,acquisition
2021-10-28,セコム上信越,4342,第二部,セコムの完全子会社化,acquisition
2021-10-28,神鋼環境ソリューション,6299,第二部,神戸製鋼所の完全子会社化,acquisition
2021-11-02,ＧＣＡ,2174,第一部,株式等売渡請求による取得,acquisition
2021-12-03,愛光電気,9909,JQスタンダード,株式の併合,acquisition
2021-12-10,サカイオーベックス,3408,第一部,株式の併合,acquisition
2021-12-29,藤久,9966,第一部,藤久ホールディングスの完全子会社化,acquisition
2021-12-29,日本通運,9062,第一部,NIPPON EXPRESSホールディングスの完全子会社化,acquisition
2022-01-13,カーディナル,7855,JQグロース,株式の併合,acquisition
2022-01-18,オンリー,3376,第一部,株式の併合,acquisition
2022-02-02,イーブックイニシアティブジャパン,3658,第一部,株式の併合,acquisition
2022-02-08,ヒューマン・アソシエイツ・ホールディングス,6575,マザーズ,株式等売渡請求による取得,acquisition
2022-02-14,ニッセイ,6271,第二部,株式等売渡請求による取得,acquisition
2022-02-17,フジトミ証券,8740,JQスタンダード,小林洋行の完全子会社化,acquisition
2022-02-24,クリエアナブキ,4336,JQスタンダード,株式等売渡請求による取得,acquisition
2022-02-25,マックスバリュ西日本,8287,第二部,フジの完全子会社化,acquisition
2022-02-25,トッパン・フォームズ,7862,第一部,株式等売渡請求による取得,acquisition
2022-02-25,国際チャート,3956,JQスタンダード,ナカバヤシの完全子会社化,acquisition
2022-02-28,グレイステクノロジー,6541,第一部,四半期報告書提出遅延,other
2022-02-28,宇徳,9358,第一部,株式等売渡請求による取得,acquisition
2022-03-11,鴨川グランドホテル,9695,JQスタンダード,株式の併合,acquisition
2022-03-16,セコニック,7758,第二部,株式の併合,acquisition
2022-03-23,日本アセットマーケティング,8922,マザーズ,株式等売渡請求による取得,acquisition
2022-03-23,三井金属エンジニアリング,1737,第二部,株式等売渡請求による取得,acquisition
2022-03-28,ＲＥＸＴ,7697,JQスタンダード,株式の併合,acquisition
2022-03-29,イソライト工業,5358,第一部,株式等売渡請求による取得,acquisition
2022-03-29,スペースバリューホールディングス,1448,第一部,株式の併合,acquisition
2022-03-29,東京貴宝,7597,JQスタンダード,株式の併合,acquisition
2022-03-29,ＮＩＰＰＯ,1881,第一部,株式の併合,acquisition
2022-03-30,みちのく銀行,8350,第一部,プロクレアホールディングスの完全子会社化,acquisition
2022-03-30,青森銀行,8342,第一部,プロクレアホールディングスの完全子会社化,acquisition
2022-03-30,ホロン,7748,JQスタンダード,Ａ＆Ｄホロンホールディングスの完全子会社化,acquisition
2022-03-30,Ｎｅｘｕｓ　Ｂａｎｋ,4764,JQグロース,Ｊトラストの完全子会社化,acquisition
2022-04-12,シック・ホールディングス,7365,グロース,株式等売渡請求による取得,acquisition
2022-04-19,ツクイスタッフ,7045,スタンダード,株式等売渡請求による取得,acquisition
2022-04-25,ヒノキヤグループ,1413,プライム,ヤマダホールディングスの完全子会社化,acquisition
2022-04-26,互応化学工業,4962,スタンダード,株式等売渡請求による取得,acquisition
2022-04-26,ダイビル,8806,スタンダード,株式の併合,acquisition
2022-04-28,コンテック,6639,スタンダード,株式等売渡請求による取得,acquisition
2022-05-06,佐渡汽船,9176,スタンダード,株式の併合,acquisition
2022-05-09,ソウルドアウト,6553,プライム,株式等売渡請求による取得,acquisition
2022-05-19,ホウスイ,1352,スタンダード,株式等売渡請求による取得,acquisition
2022-05-27,ウチダエスコ,4699,スタンダード,株式の併合,acquisition
2022-05-30,川崎近海汽船,9179,スタンダード,川崎汽船の完全子会社化,acquisition
2022-05-30,バリューデザイン,3960,グロース,アララの完全子会社化,acquisition
2022-06-02,ＪＡＬＵＸ,2729,スタンダード,株式の併合,acquisition
2022-06-07,アルテ　サロン　ホールディングス,2406,スタンダード,株式の併合,acquisition
2022-06-16,アイ・オー・データ機器,6916,スタンダード,株式の併合,acquisition
2022-07-13,ＮＦＣホールディングス,7169,スタンダード,株式等売渡請求による取得,acquisition
2022-07-15,サコス,9641,スタンダード,株式等売渡請求による取得,acquisition
2022-07-21,オーケー食品工業,2905,スタンダード,ニップンの完全子会社化,acquisition
2022-07-27,チヨダウーテ,5387,スタンダード,株式等売渡請求による取得,acquisition
2022-07-28,コマニー,7945,スタンダード,株式等売渡請求による取得,acquisition
2022-07-28,ＪＦＥコンテイナー,5907,スタンダード,ＪＦＥスチール（非上場）の完全子会社化,acquisition
2022-07-28,セメダイン,4999,スタンダード,カネカの完全子会社化,acquisition
2022-08-17,イナリサーチ,2176,スタンダード,株式等売渡請求による取得,acquisition
2022-08-22,東洋刃物,5964,スタンダード,株式等売渡請求による取得,acquisition
2022-08-22,トライステージ,2178,グロース,株式の併合,acquisition
2022-08-23,テラ,2191,スタンダード,破産手続き,failure
2022-08-26,近鉄エクスプレス,9375,プライム,株式等売渡請求による取得,acquisition
2022-08-29,ミューチュアル,2773,スタンダード,株式等売渡請求による取得,acquisition
2022-08-30,新京成電鉄,9014,スタンダード,京成電鉄の完全子会社化,acquisition
2022-08-30,ピックルスコーポレーション,2925,プライム,ピックルスホールディングスの完全子会社化,acquisition
2022-09-01,フルスピード,2159,スタンダード,株式の併合,acquisition
2022-09-29,共立印刷,7838,スタンダード,ＫＹＯＲＩＴＳＵの完全子会社化,acquisition
2022-09-29,静岡銀行,8355,プライム,しずおかフィナンシャルグループの完全子会社化,acquisition
2022-09-29,ＷＯＷ　ＷＯＲＬＤ,2352,プライム,ＷＯＷ　ＷＯＲＬＤ　ＧＲＯＵＰの完全子会社化,acquisition
2022-09-29,伊予銀行,8385,プライム,いよぎんホールディングスの完全子会社化,acquisition
2022-09-29,愛知銀行,8527,プライム,あいちフィナンシャルグループの完全子会社化,acquisition
2022-09-29,中京銀行,8530,プライム,あいちフィナンシャルグループの完全子会社化,acquisition
2022-09-29,中国銀行,8382,プライム,ちゅうぎんフィナンシャルグループの完全子会社化,acquisition
2022-09-29,ＩＮＥＳＴ （2022年10月3日付でＩＮＴ（株）に商号変更予定）,3390,スタンダード,ＩＮＥＳＴの完全子会社化,acquisition
2022-10-28,テリロジー,3356,スタンダード,テリロジーホールディングスの完全子会社化,acquisition
2022-10-31,パイプドＨＤ,3919,スタンダード,株式の併合,acquisition
2022-11-09,ＳＩホールディングス,7070,グロース,株式の併合,acquisition
2022-11-11,日水製薬,4550,プライム,株式の併合,acquisition
2022-11-29,ユニデンホールディングス,6815,プライム,株式の併合,acquisition
2022-12-13,東亜石油,5008,スタンダード,株式等売渡請求による取得,acquisition
2022-12-16,ネットマーケティング,6175,スタンダード,株式の併合,acquisition
2022-12-20,本多通信工業,6826,プライム,株式の併合,acquisition
2022-12-21,倉庫精練,3578,スタンダード,株式の併合,acquisition
2022-12-22,シノケングループ,8909,スタンダード,株式の併合,acquisition
2022-12-26,ＡＬＢＥＲＴ,3906,グロース,株式等売渡請求による取得,acquisition
2022-12-29,東急レクリエーション,9631,スタンダード,東急の完全子会社化,acquisition
2022-12-29,日立金属,5486,プライム,株式の併合,acquisition
2023-01-20,ダイオーズ,4653,プライム,株式の併合,acquisition
2023-01-25,アイ・テック,9964,スタンダード,株式の併合,acquisition
2023-01-25,東京特殊電線,5807,スタンダード,株式等売渡請求による取得,acquisition
2023-01-26,キトー,6409,プライム,株式の併合,acquisition
2023-01-30,ミライノベート,3528,スタンダード,Ｊトラストに合併,acquisition
2023-02-07,ユーザベース,3966,グロース,株式等売渡請求による取得,acquisition
2023-02-07,ササクラ,6303,スタンダード,株式等売渡請求による取得,acquisition
2023-02-24,日立物流,9086,プライム,株式の併合,acquisition
2023-02-24,プレナス,9945,プライム,株式の併合,acquisition
2023-02-27,ニデックオーケーケー,6205,スタンダード,日本電産の完全子会社化,acquisition
2023-03-01,アイペットホールディングス,7339,グロース,株式等売渡請求による取得,acquisition
2023-03-06,トシン・グループ,2761,スタンダード,株式の併合,acquisition
2023-03-16,中央化学,7895,スタンダード,株式等売渡請求による取得,acquisition
2023-03-17,コネクシオ,9422,プライム,株式等売渡請求による取得,acquisition
2023-03-22,住友精密工業,6355,スタンダード,株式の併合,acquisition
2023-03-29,日医工,4541,プライム,株式の併合,acquisition
2023-03-30,日本管財,9728,プライム,日本管財ホールディングスの完全子会社化,acquisition
2023-03-30,ナレッジスイート,3999,グロース,ＢＢＤイニシアティブの完全子会社化,acquisition
2023-04-27,日新電機,6641,プライム,株式等売渡請求による取得,acquisition
2023-04-27,テクノアソシエ,8249,スタンダード,株式等売渡請求による取得,acquisition
2023-04-30,アジア開発キャピタル,9318,スタンダード,内部管理体制確認書が再提出され、内部管理体制等について改善がなされなかったと当取引所が認める場合,failure
2023-05-02,兼松エレクトロニクス,8096,プライム,株式等売渡請求による取得,acquisition
2023-05-10,カッシーナ・イクスシー,2777,スタンダード,株式等売渡請求による取得,acquisition
2023-05-19,精養軒,9734,スタンダード,株式の併合,acquisition
2023-05-30,兼松サステック,7961,スタンダード,株式の併合,acquisition
2023-05-30,長野銀行,8521,スタンダード,八十二銀行の完全子会社化,acquisition
2023-06-05,ＷＯＷ　ＷＯＲＬＤ　ＧＲＯＵＰ,5128,プライム,株式の併合,acquisition
2023-06-09,岩崎電気,6924,プライム,株式の併合,acquisition
2023-06-12,イハラサイエンス,5999,スタンダード,株式の併合,acquisition
2023-06-19,日東化工,5104,スタンダード,株式の併合,acquisition
2023-06-21,日鉄物産,9810,プライム,株式の併合,acquisition
2023-06-29,メタップス,6172,グロース,株式の併合,acquisition
2023-06-29,インパクトホールディングス,6067,グロース,株式の併合,acquisition
2023-06-29,日本工営,1954,プライム,ID&Eホールディングスの完全子会社化,acquisition
2023-07-19,日本エス・エイチ・エル,4327,スタンダード,株式の併合,acquisition
2023-07-27,りらいあコミュニケーションズ,4708,プライム,株式等売渡請求による取得,acquisition
2023-07-28,インターワークス,6032,スタンダード,コンフィデンスに合併,acquisition
2023-08-04,ディー・ディー・エス,3782,グロース,内部管理体制確認書の提出前で、内部管理体制等について改善の見込みがなくなったと当取引所が認める場合,failure
2023-08-21,堺商事,9967,スタンダード,株式等売渡請求による取得,acquisition
2023-08-30,アークランドサービスホールディングス,3085,プライム,アークランズの完全子会社化,acquisition
2023-09-26,ブロッコリー,2706,スタンダード,株式の併合,acquisition
2023-09-28,日本ピストンリング,6461,プライム,リケンＮＰＲの完全子会社化,acquisition
2023-09-28,ＳＢＩ新生銀行,8303,スタンダード,株式の併合,acquisition
2023-09-28,日総工産,6569,プライム,ＮＩＳＳＯホールディングスの完全子会社化,acquisition
2023-09-28,リケン,6462,プライム,リケンＮＰＲの完全子会社化,acquisition
2023-09-28,プロパティエージェント,3464,プライム,ミガロホールディングスの完全子会社化,acquisition
2023-09-28,京都銀行,8369,プライム,京都フィナンシャルグループの完全子会社化,acquisition
2023-10-18,アルテリア・ネットワークス,4423,プライム,株式の併合,acquisition
2023-10-25,ロングライフホールディング,4355,スタンダード,株式の併合,acquisition
2023-10-26,キョウデン,6881,スタンダード,株式等売渡請求による取得,acquisition
2023-10-27,ピーシーデポコーポレーション,7618,プライム,株式の併合,acquisition
2023-10-27,ＡｍｉｄＡホールディングス,7671,グロース,株式等売渡請求による取得,acquisition
2023-10-30,東京日産コンピュータシステム,3316,スタンダード,株式等売渡請求による取得,acquisition
2023-11-01,三栄建築設計,3228,プライム,株式等売渡請求による取得,acquisition
2023-11-27,ＨＣＳホールディングス,4200,スタンダード,株式等売渡請求による取得,acquisition
2023-12-01,伊藤忠テクノソリューションズ,4739,プライム,株式の併合,acquisition
2023-12-13,ロックペイント,4621,スタンダード,株式の併合,acquisition
2023-12-20,東芝,6502,プライム,株式の併合,acquisition
2023-12-21,大建工業,7905,プライム,株式の併合,acquisition
2023-12-28,星光ＰＭＣ,4963,プライム,株式の併合,acquisition
2023-12-30,ルーデン・ホールディングス,1400,グロース,内部管理体制確認書の提出前で、内部管理体制等について改善の見込みがなくなったと当取引所が認める場合,failure
2024-01-04,ケーヨー,8168,プライム,株式等売渡請求による取得,acquisition
2024-01-06,プロルート丸光,8256,スタンダード,会社更生手続,failure
2024-01-10,八千代工業,7298,スタンダード,株式等売渡請求による取得,acquisition
2024-01-29,アマナ,2402,グロース,株式の併合,acquisition
2024-01-29,ビジョナリーホールディングス,9263,スタンダード,株式の併合,acquisition
2024-01-30,ハイアス・アンド・カンパニー,6192,グロース,くふう住まい（非上場）の完全子会社化,acquisition
2024-01-30,ＭＩＣＳ化学,7899,スタンダード,中本パックスの完全子会社化,acquisition
2024-01-31,ＴＡＫＩＳＡＷＡ,6121,スタンダード,株式の併合,acquisition
2024-02-07,システム情報,3677,プライム,株式の併合,acquisition
2024-02-08,サイバーコム,3852,スタンダード,株式等売渡請求による取得,acquisition
2024-02-08,大泉製作所,6618,グロース,株式等売渡請求による取得,acquisition
2024-02-09,サイバネットシステム,4312,スタンダード,株式等売渡請求による取得,acquisition
2024-02-15,ヴィンクス,3784,スタンダード,株式等売渡請求による取得,acquisition
2024-02-16,富士ソフトサービスビューロ,6188,スタンダード,株式等売渡請求による取得,acquisition
2024-03-07,日住サービス,8854,スタンダード,株式の併合,acquisition
2024-03-11,寺岡製作所,4987,スタンダード,株式の併合,acquisition
2024-03-18,シダックス,4837,スタンダード,株式の併合,acquisition
2024-03-19,ＳＥＲＩＯホールディングス,6567,グロース,株式等売渡請求による取得,acquisition
2024-03-19,不二硝子,5212,スタンダード,株式の併合,acquisition
2024-03-25,ＩＪＴＴ,7315,スタンダード,株式の併合,acquisition
2024-03-25,ジャパンベストレスキューシステム,2453,プライム,株式の併合,acquisition
2024-03-28,新日本建物,8893,スタンダード,タスキホールディングスの完全子会社化,acquisition
2024-03-28,リョーサン,8140,プライム,リョーサン菱洋ホールディングスの完全子会社化,acquisition
2024-03-28,レオス・キャピタルワークス,7330,グロース,SBIレオスひふみの完全子会社化,acquisition
2024-03-28,タスキ,2987,グロース,タスキホールディングスの完全子会社化,acquisition
2024-03-28,菱洋エレクトロ,8068,プライム,リョーサン菱洋ホールディングスの完全子会社化,acquisition
2024-03-28,サンウッド,8903,スタンダード,株式の併合,acquisition
2024-03-28,シミックホールディングス,2309,プライム,株式の併合,acquisition
2024-03-28,ＳＫＩＹＡＫＩ,3995,グロース,スペースシャワーＳＫＩＹＡＫＩホールディングスの完全子会社化,acquisition
2024-04-02,東京楽天地,8842,プライム,株式の併合,acquisition
2024-04-05,オーエス,9637,スタンダード,株式の併合,acquisition
2024-04-09,大正製薬ホールディングス,4581,スタンダード,株式の併合,acquisition
2024-04-17,東邦金属,5781,スタンダード,株式等売渡請求による取得,acquisition
2024-04-23,アルデプロ,8925,スタンダード,内部管理体制確認書の提出前で、内部管理体制等について改善の見込みがなくなったと当取引所が認める場合,failure
2024-04-24,メルディアＤＣ,1739,グロース,株式の併合,acquisition
2024-04-25,インヴァスト,7338,スタンダード,株式の併合,acquisition
2024-04-25,Ｔ＆Ｋ　ＴＯＫＡ,4636,プライム,株式等売渡請求による取得,acquisition
2024-04-26,中央ビルト工業,1971,スタンダード,株式の併合,acquisition
2024-05-02,アオキスーパー,9977,スタンダード,株式の併合,acquisition
2024-05-17,ベネッセホールディングス,9783,プライム,株式の併合,acquisition
2024-05-20,ベネフィット・ワン,2412,プライム,株式の併合,acquisition
2024-05-27,グッピーズ,5127,グロース,株式の併合,acquisition
2024-05-30,グローセル,9995,プライム,株式の併合,acquisition
2024-05-30,サムティ,3244,プライム,サムティホールディングスの完全子会社化,acquisition
2024-06-06,焼津水産化学工業,2812,スタンダード,株式の併合,acquisition
2024-06-06,アウトソーシング,2427,プライム,株式の併合,acquisition
2024-06-10,ペイロール,4489,グロース,株式の併合,acquisition
2024-06-11,ウェルビー,6556,プライム,株式の併合,acquisition
2024-06-25,ＪＳＲ,4185,プライム,株式の併合,acquisition
2024-06-27,構造計画研究所,4748,スタンダード,構造計画研究所ホールディングスの完全子会社化,acquisition
2024-06-27,サマンサタバサジャパンリミテッド,7829,グロース,コナカの完全子会社化,acquisition
2024-07-09,スノーピーク,7816,プライム,株式の併合,acquisition
2024-07-16,グラフィコ,4930,スタンダード,株式等売渡請求による取得,acquisition
2024-07-17,双信電機,6938,スタンダード,株式等売渡請求による取得,acquisition
2024-07-24,ローソン,2651,プライム,株式の併合,acquisition
2024-07-29,関西フードマーケット,9919,スタンダード,エイチ・ツー・オー　リテイリングの完全子会社化,acquisition
2024-08-23,グッドスピード,7676,グロース,株式等売渡請求による取得,acquisition
2024-08-29,岩崎通信機,6704,スタンダード,あい　ホールディングスの完全子会社化,acquisition
2024-09-02,日本ハウズイング,4781,スタンダード,株式の併合,acquisition
2024-09-03,ローランド ディー.ジー.,6789,プライム,株式の併合,acquisition
2024-09-06,ＳＢテクノロジー,4726,プライム,株式の併合,acquisition
2024-09-11,ジャステック,9717,プライム,株式の併合,acquisition
2024-09-17,エスライングループ本社,9078,スタンダード,株式の併合,acquisition
2024-09-18,日本ＫＦＣホールディングス,9873,スタンダード,株式の併合,acquisition
2024-09-27,フュートレック,2468,スタンダード,エーアイに合併,acquisition
2024-09-27,永谷園ホールディングス,2899,プライム,株式の併合,acquisition
2024-09-27,図研エルミック,4770,スタンダード,株式の併合,acquisition
2024-09-27,きずなホールディングス,7086,グロース,株式等売渡請求による取得,acquisition
2024-09-27,飛島建設,1805,プライム,飛島ホールディングスの完全子会社化,acquisition
2024-09-27,テクノクオーツ,5217,スタンダード,ジーエルテクノホールディングスの完全子会社化,acquisition
2024-09-27,ジーエルサイエンス,7705,スタンダード,ジーエルテクノホールディングスの完全子会社化,acquisition
2024-09-27,フューチャーベンチャーキャピタル,8462,スタンダード,AIフュージョンキャピタルグループの完全子会社化,acquisition
2024-09-27,ＥＴＳホールディングス,1789,スタンダード,ＥＴＳグループの完全子会社化,acquisition
2024-10-09,Ｃ＆Ｆロジホールディングス,9099,プライム,株式の併合,acquisition
2024-10-15,ジャパンフーズ,2599,スタンダード,株式の併合,acquisition
2024-10-16,インフォコム,4348,プライム,株式の併合,acquisition
2024-10-16,ＮＣホールディングス,6236,スタンダード,株式の併合,acquisition
2024-10-18,音通,7647,スタンダード,株式の併合,acquisition
2024-10-29,タキロンシーアイ,4215,プライム,株式等売渡請求による取得,acquisition
2024-10-30,メディアシーク,4824,グロース,Ｓｏｌｖｖｙの完全子会社化,acquisition
2024-10-30,ＡＰＡＭＡＮ,8889,スタンダード,株式等売渡請求による取得,acquisition
2024-11-05,理研コランダム,5395,スタンダード,株式等売渡請求による取得,acquisition
2024-11-07,タツタ電線,5809,プライム,株式の併合,acquisition
2024-11-12,三益半導体工業,8155,プライム,株式の併合,acquisition
2024-11-19,ＫＨＣ,1451,スタンダード,株式等売渡請求による取得,acquisition
2024-11-19,ヴィスコ・テクノロジーズ,6698,スタンダード,株式等売渡請求による取得,acquisition
2024-11-28,いなげや,8182,プライム,ユナイテッド・スーパーマーケット・ホールディングスの完全子会社化,acquisition
2024-12-06,エッジテクノロジー,4268,グロース,株式等売渡請求による取得,acquisition
2024-12-12,ＣＤＧ,2487,スタンダード,ＣＬホールディングスの完全子会社化,acquisition
2024-12-17,アルプス物流,9055,プライム,株式の併合,acquisition
2024-12-18,ファンケル,4921,プライム,株式の併合,acquisition
2024-12-24,石井鐵工所,6362,スタンダード,株式の併合,acquisition
2024-12-26,東葛ホールディングス,2754,スタンダード,株式の併合,acquisition
2024-12-28,日本電解,5759,グロース,民事再生手続き,failure
2025-01-07,日本出版貿易（株）,8072,スタンダード,支配株主等による買収（公開買付け、株式併合）,acquisition
2025-01-07,（株）パスコ,9232,スタンダード,支配株主等による買収（公開買付け、株式併合）,acquisition
2025-01-07,（株）ＪＴＯＷＥＲ,4485,グロース,他社による買収（公開買付け、株式併合）,acquisition
2025-01-15,トランコム（株）,9058,プライム,ＭＢＯ（公開買付け、株式併合）,acquisition
2025-01-24,エレマテック（株）,2715,プライム,支配株主等による買収（公開買付け、株式等売渡請求による取得）,acquisition
2025-01-24,（株）デサント,8114,プライム,支配株主等による買収（公開買付け、株式併合）,acquisition
2025-01-30,（株）フェイス,4295,スタンダード,ＭＢＯ（公開買付け、株式等売渡請求による取得）,acquisition
2025-01-30,富士古河Ｅ＆Ｃ（株）,1775,スタンダード,富士電機の完全子会社化（株式交換）,acquisition
2025-01-30,ハウスコム（株）,3275,スタンダード,大東建託の完全子会社化（株式交換）,acquisition
2025-01-30,サムティホールディングス（株）,187A,プライム,他社による買収（公開買付け、株式併合）,acquisition
2025-01-31,アグロ　カネショウ（株）,4955,スタンダード,他社による買収（公開買付け、株式等売渡請求による取得）,acquisition
2025-02-06,（株）太陽工機,6164,スタンダード,支配株主等による買収（公開買付け、株式等売渡請求による取得）,acquisition
2025-02-10,（株）マネーパートナーズグループ,8732,スタンダード,他社による買収（公開買付け、株式等売渡請求による取得）,acquisition
2025-02-10,アルファグループ（株）,3322,スタンダード,支配株主等による買収（株式併合）,acquisition
2025-02-12,（株）安江工務店,1439,スタンダード,他社による買収（公開買付け、株式等売渡請求による取得）,acquisition
2025-02-17,ＵＵＵＭ（株）,3990,グロース,支配株主等による買収（公開買付け、株式等売渡請求による取得）,acquisition
2025-02-19,常磐興産（株）,9675,スタンダード,他社による買収（公開買付け、株式併合）,acquisition
2025-02-25,（株）ラック,3857,スタンダード,支配株主等による買収（公開買付け、株式等売渡請求による取得）,acquisition
2025-02-26,（株）銀座山形屋,8215,スタンダード,支配株主等による買収（株式併合）,acquisition
2025-03-03,（株）ティーガイア,3738,プライム,他社による買収（公開買付け、株式併合）,acquisition
2025-03-04,（株）レーサム,8890,スタンダード,他社による買収（公開買付け、株式併合）,acquisition
2025-03-04,ウェルスナビ（株）,7342,グロース,他社による買収（公開買付け、株式等売渡請求による取得）,acquisition
2025-03-10,Ｉ－ＰＥＸ（株）,6640,プライム,ＭＢＯ（公開買付け、株式併合）,acquisition
2025-03-11,大和重工（株）,5610,スタンダード,ＭＢＯ（公開買付け、株式併合）,acquisition
2025-03-17,麻生フオームクリート（株）,1730,スタンダード,支配株主等による買収（公開買付け、株式等売渡請求による取得）,acquisition
2025-03-18,ネットワンシステムズ（株）,7518,プライム,他社による買収（公開買付け、株式併合）,acquisition
2025-03-19,リニューアブル・ジャパン（株）,9522,グロース,ＭＢＯ（公開買付け、株式併合）,acquisition
2025-03-21,元旦ビューティ工業（株）,5935,スタンダード,ＭＢＯ（公開買付け、株式併合）,acquisition
2025-03-21,ＮＥＣネッツエスアイ（株）,1973,プライム,支配株主等による買収（公開買付け、株式併合）,acquisition
2025-03-28,（株）プレサンスコーポレーション,3254,スタンダード,支配株主等による買収（公開買付け、株式等売渡請求による取得）,acquisition
2025-03-28,（株）タツミ,7268,スタンダード,ミツバの完全子会社化（株式交換）,acquisition
2025-04-23,西本Ｗｉｓｍｅｔｔａｃホールディングス（株）,9260,プライム,ＭＢＯ（公開買付け、株式併合）,acquisition
2025-04-23,山陽特殊製鋼（株）,5481,プライム,支配株主等による買収（公開買付け、株式等売渡請求による取得）,acquisition
2025-04-25,（株）アスコット,3264,スタンダード,他社による買収（公開買付け、株式等売渡請求による取得）,acquisition
2025-04-30,（株）テクノスジャパン,3666,スタンダード,他社による買収（公開買付け、株式等売渡請求による取得）,acquisition
2025-05-09,（株）スパンクリートコーポレーション,5277,スタンダード,支配株主等による買収（株式併合）,acquisition
2025-05-12,（株）アイロムグループ,2372,プライム,ＭＢＯ（公開買付け、株式併合）,acquisition
2025-05-13,ＩＤ＆Ｅホールディングス（株）,9161,プライム,他社による買収（公開買付け、株式併合）,acquisition
2025-05-14,川本産業（株）,3604,スタンダード,支配株主等による買収（公開買付け、株式等売渡請求による取得）,acquisition
2025-05-14,ＣＢグループマネジメント（株）,9852,スタンダード,他社による買収（公開買付け、株式等売渡請求による取得）,acquisition
2025-05-16,富士ソフト（株）,9749,プライム,他社による買収（公開買付け、株式併合）,acquisition
2025-05-26,（株）シンニッタン,6319,スタンダード,他社による買収（公開買付け、株式等売渡請求による取得）,acquisition
2025-05-28,ジーエフシー（株）,7559,スタンダード,ＭＢＯ（公開買付け、株式併合）,acquisition
2025-05-29,テックポイント・インク,6697,グロース（外国株）,ASMedia Technology Inc.の完全子会社（合併）,acquisition
2025-05-29,（株）シーアールイー,3458,プライム,ＭＢＯ（公開買付け、株式併合）,acquisition
2025-06-02,東洋精糖（株）,2107,スタンダード,他社による買収（公開買付け、株式併合）,acquisition
2025-06-06,新光電気工業（株）,6967,プライム,他社による買収（公開買付け、株式併合）,acquisition
2025-06-09,浜井産業（株）,6131,スタンダード,ＭＢＯ（公開買付け、株式併合）,acquisition
2025-06-11,（株）カオナビ,4435,グロース,他社による買収（公開買付け、株式併合）,acquisition
2025-06-13,（株）ナカヨ,6715,スタンダード,他社による買収（公開買付け、株式併合）,acquisition
2025-06-16,ジャパンワランティサポート（株）,7386,グロース,支配株主等による買収（株式併合）,acquisition
2025-06-16,（株）プロトコーポレーション,4298,プライム,ＭＢＯ（公開買付け、株式併合）,acquisition
2025-06-17,東都水産（株）,8038,スタンダード,支配株主等による買収（公開買付け、株式併合）,acquisition
2025-06-17,エコナビスタ（株）,5585,グロース,他社による買収（公開買付け、株式等売渡請求による取得）,acquisition
2025-06-17,（株）マクロミル,3978,プライム,他社による買収（公開買付け、株式併合）,acquisition
2025-06-19,（株）ＤＮＡチップ研究所,2397,スタンダード,他社による買収（公開買付け、株式併合）,acquisition
2025-06-19,トナミホールディングス（株）,9070,プライム,ＭＢＯ（公開買付け、株式併合）,acquisition
2025-06-20,（株）Ｅストアー,4304,スタンダード,他社による買収（公開買付け、株式併合）,acquisition
2025-06-27,イオンモール（株）,8905,プライム,イオンの完全子会社化（株式交換）,acquisition
2025-07-02,（株）ＷＡＣＵＬ,4173,グロース,他社による買収（公開買付け、株式等売渡請求による取得）,acquisition
2025-07-09,内外トランスライン（株）,9384,プライム,他社による買収（公開買付け、株式併合）,acquisition
2025-07-11,（株）ウッドフレンズ,8886,スタンダード,他社による買収（公開買付け、株式等売渡請求による取得）,acquisition
2025-07-17,イオンディライト（株）,9787,プライム,支配株主等による買収（公開買付け、株式併合）,acquisition
2025-07-17,（株）ジャムコ,7408,プライム,他社による買収（公開買付け、株式併合）,acquisition
2025-07-28,（株）インプレスホールディングス,9479,スタンダード,支配株主等による買収（株式併合）,acquisition
2025-07-28,（株）ライトワークス,4267,グロース,ＭＢＯ（公開買付け、株式併合）,acquisition
2025-07-30,Ｕｎｉｐｏｓ（株）,6550,グロース,リンクアンドモチベーションの完全子会社化（株式交換）,acquisition
2025-08-18,（株）サンオータス,7623,スタンダード,ＭＢＯ（公開買付け、株式併合）,acquisition
2025-08-18,天馬（株）,7958,プライム,ＭＢＯ（公開買付け、株式併合）,acquisition
2025-08-19,（株）富士通ゼネラル,6755,プライム,他社による買収（公開買付け、株式併合）,acquisition
2025-08-20,（株）トラスト,3347,スタンダード,支配株主等による買収（公開買付け、株式等売渡請求による取得）,acquisition
2025-08-28,（株）エンチョー,8208,スタンダード,ＤＣＭホールディングスの完全子会社化（株式交換）,acquisition
2025-08-28,ＢＥＥＮＯＳ（株）,3328,プライム,他社による買収（公開買付け、株式併合）,acquisition
2025-08-28,鳥居薬品（株）,4551,プライム,他社による買収（公開買付け、株式併合）,acquisition
2025-08-31,（株）オルツ,260A,グロース,新規上場申請に係る宣誓書における重大な違反,other
2025-09-04,（株）ウィザス,9696,スタンダード,他社による買収（公開買付け、株式等売渡請求による取得）,acquisition
2025-09-06,（株）アルファクス・フード・システム,3814,グロース,半期報告書の提出遅延,other
2025-09-19,（株）創建エース,1757,スタンダード,有価証券報告書等の虚偽記載,failure
2025-09-19,（株）サーキュレーション,7379,グロース,他社による買収（公開買付け、株式等売渡請求による取得）,acquisition
2025-09-19,（株）ＬｅＴｅｃｈ,3497,グロース,他社による買収（公開買付け、株式併合）,acquisition
2025-09-24,（株）トライト,9164,グロース,他社による買収（公開買付け、株式併合）,acquisition
2025-09-25,住信ＳＢＩネット銀行（株）,7163,スタンダード,他社による買収（公開買付け、株式併合）,acquisition
2025-09-26,三菱食品（株）,7451,スタンダード,支配株主等による買収（公開買付け、株式併合）,acquisition
2025-09-26,（株）ＮＴＴデータグループ,9613,プライム,支配株主等による買収（公開買付け、株式併合）,acquisition
2025-09-29,（株）エージーピー,9377,スタンダード,支配株主等による買収（株式併合）,acquisition
2025-09-29,（株）ヤオコー,8279,プライム,ブルーゾーンホールディングスの完全子会社化（株式移転）,acquisition
2025-09-29,（株）ゴルフダイジェスト・オンライン,3319,プライム,ＭＢＯ（公開買付け、株式併合）,acquisition
2025-09-29,（株）デザインワン・ジャパン,6048,スタンダード,ＧＭＯ ＴＥＣＨホールディングスの完全子会社化（株式移転）,acquisition
2025-09-29,富士興産（株）,5009,スタンダード,富士ユナイトホールディングスの完全子会社化（株式移転）,acquisition
2025-09-29,（株）ナルミヤ・インターナショナル,9275,スタンダード,ワールドの完全子会社化（株式交換）,acquisition
2025-09-29,ＧＭＯ　ＴＥＣＨ（株）,6026,グロース,ＧＭＯ ＴＥＣＨホールディングスの完全子会社化（株式移転）,acquisition
2025-09-29,（株）ＩＭＡＧＩＣＡ　ＧＲＯＵＰ,6879,プライム,ＭＢＯ（公開買付け、株式併合）,acquisition
2025-10-10,日本道路（株）,1884,プライム,支配株主等による買収（公開買付け、株式併合）,acquisition
2025-10-14,（株）フジ・コーポレーション,7605,プライム,他社による買収（公開買付け、株式併合）,acquisition
2025-10-14,中野冷機（株）,6411,スタンダード,他社による買収（公開買付け、株式併合）,acquisition
2025-10-15,（株）日新,9066,プライム,ＭＢＯ（公開買付け、株式併合）,acquisition
2025-10-16,協栄産業（株）,6973,スタンダード,他社による買収（公開買付け、株式併合）,acquisition
2025-10-17,メドピア（株）,6095,プライム,ＭＢＯ（公開買付け、株式併合）,acquisition
2025-10-30,（株）ザッパラス,3770,スタンダード,光通信の完全子会社化（株式交換）,acquisition
2025-10-30,アヲハタ（株）,2830,スタンダード,キユーピーの完全子会社化（株式交換）,acquisition
2025-11-04,日本コンセプト（株）,9386,プライム,ＭＢＯ（公開買付け、株式併合）,acquisition
2025-11-05,桂川電機（株）,6416,スタンダード,ＭＢＯ（公開買付け、株式等売渡請求による取得）,acquisition
2025-11-06,（株）アイデミー,5577,グロース,他社による買収（公開買付け、株式等売渡請求による取得）,acquisition
2025-11-17,鉱研工業（株）,6297,スタンダード,他社による買収（公開買付け、株式併合）,acquisition
2025-11-20,日本アンテナ（株）,6930,スタンダード,エレコムの完全子会社化（株式交換）,acquisition
2025-11-21,（株）ＤＤグループ,3073,プライム,ＭＢＯ（公開買付け、株式併合）,acquisition
2025-11-26,パシフィックシステム（株）,3847,スタンダード,支配株主等による買収（公開買付け、株式等売渡請求による取得）,acquisition
2025-11-27,（株）インテリックス,8940,スタンダード,インテリックスホールディングスの完全子会社化（株式移転）,acquisition
2025-11-27,（株）ＱＰＳ研究所,5595,グロース,ＱＰＳホールディングスの完全子会社化（株式移転）,acquisition
2025-11-27,ウエルシアホールディングス（株）,3141,プライム,ツルハホールディングスの完全子会社化（株式交換）,acquisition
2025-11-27,ＳＢＩレオスひふみ（株）,165A,グロース,ＳＢＩグローバルアセットマネジメントに合併（会社合併）,acquisition
2025-11-28,コーアツ工業（株）,1743,スタンダード,他社による買収（公開買付け、株式併合）,acquisition
2025-12-02,（株）トプコン,7732,プライム,ＭＢＯ（公開買付け、株式併合）,acquisition
2025-12-08,（株）ＣＡＲＴＡ　ＨＯＬＤＩＮＧＳ,3688,プライム,他社による買収（公開買付け、株式併合）,acquisition
2025-12-09,テクノプロ・ホールディングス（株）,6028,プライム,他社による買収（公開買付け、株式併合）,acquisition
2025-12-12,（株）ドラフト,5070,グロース,ＭＢＯ（公開買付け、株式併合）,acquisition
2025-12-15,（株）歯愛メディカル,3540,スタンダード,支配株主等による買収（公開買付け、株式併合）,acquisition
2025-12-16,東洋建設（株）,1890,プライム,他社による買収（公開買付け、株式併合）,acquisition
2025-12-19,三井住友建設（株）,1821,プライム,他社による買収（公開買付け、株式併合）,acquisition
2025-12-19,日本調剤（株）,3341,プライム,他社による買収（公開買付け、株式併合）,acquisition
2025-12-19,（株）ダイセキ環境ソリューション,1712,スタンダード,支配株主等による買収（公開買付け、株式等売渡請求による取得）,acquisition
2025-12-19,ＴＡＣ（株）,4319,スタンダード,ＭＢＯ（公開買付け、株式併合）,acquisition
2025-12-22,古河電池（株）,6937,プライム,他社による買収（公開買付け、株式併合）,acquisition
2025-12-23,（株）ケアネット,2150,プライム,他社による買収（公開買付け、株式併合）,acquisition
2025-12-29,大同工業（株）,6373,スタンダード,椿本チエインの完全子会社化（株式交換）,acquisition
2026-01-05,（株）スーパーバリュー,3094,スタンダード,支配株主等による買収（公開買付け、株式等売渡請求による取得）,acquisition
2026-01-08,（株）東京個別指導学院,4745,スタンダード,支配株主等による買収（株式併合）,acquisition
2026-01-13,（株）芝浦電子,6957,スタンダード,他社による買収（公開買付け、株式併合）,acquisition
2026-01-14,レジル（株）,176A,グロース,他社による買収（公開買付け、株式併合）,acquisition
2026-01-14,（株）ＦＣホールディングス,6542,スタンダード,他社による買収（公開買付け、株式併合）,acquisition
2026-01-16,ピクセルカンパニーズ（株）,2743,スタンダード,内部管理体制確認書の提出前で、内部管理体制等が適切に整備される又は適切に運用される見込みがなくなったと当取引所が認める場合,failure
2026-01-20,富士石油（株）,5017,プライム,支配株主等による買収（公開買付け、株式併合）,acquisition
2026-01-27,フロイント産業（株）,6312,スタンダード,ＭＢＯ（公開買付け、株式併合）,acquisition
2026-01-28,（株）田中化学研究所,4080,スタンダード,住友化学の完全子会社化（株式交換）,acquisition
2026-01-29,住友理工（株）,5191,プライム,支配株主等による買収（公開買付け、株式等売渡請求による取得）,acquisition
2026-01-29,こころネット（株）,6060,スタンダード,燦ホールディングスの完全子会社化（株式交換）,acquisition
2026-01-29,日本高周波鋼業（株）,5476,スタンダード,神戸製鋼所の完全子会社化（株式交換）,acquisition
2026-02-05,パラマウントベッドホールディングス（株）,7817,プライム,ＭＢＯ（公開買付け、株式併合）,acquisition
2026-02-16,札幌臨床検査センター（株）,9776,スタンダード,他社による買収（株式併合）,acquisition
2026-02-25,アウトルックコンサルティング（株）,5596,グロース,支配株主等による買収（公開買付け、株式等売渡請求による取得）,acquisition
2026-02-26,芦森工業（株）,3526,スタンダード,支配株主等による買収（公開買付け、株式併合）,acquisition
2026-02-26,（株）アイネット,9600,プライム,他社による買収（公開買付け、株式併合）,acquisition
2026-02-26,（株）ライトオン,7445,スタンダード,ワールドの完全子会社化（株式交換）,acquisition
2026-03-03,住友電設（株）,1949,プライム,他社による買収（公開買付け、株式併合）,acquisition
2026-03-06,ヤスハラケミカル（株）,4957,スタンダード,ＭＢＯ（公開買付け、株式併合）,acquisition
2026-03-12,ＳＣＳＫ（株）,9719,プライム,支配株主等による買収（公開買付け、株式併合）,acquisition
2026-03-13,セントケア・ホールディング（株）,2374,プライム,ＭＢＯ（公開買付け、株式併合）,acquisition
2026-03-13,スター精密（株）,7718,プライム,他社による買収（公開買付け、株式併合）,acquisition
2026-03-17,（株）ブレインパッド,3655,プライム,他社による買収（公開買付け、株式併合）,acquisition
2026-03-17,（株）鶴弥,5386,スタンダード,申請による上場廃止,other
2026-03-19,（株）デジタルホールディングス,2389,プライム,他社による買収（公開買付け、株式併合）,acquisition
2026-03-23,（株）ニューテック,6734,スタンダード,他社による買収（公開買付け、株式等売渡請求による取得）,acquisition
2026-03-23,シルバーエッグ・テクノロジー（株）,3961,グロース,他社による買収（公開買付け、株式併合）,acquisition
2026-03-23,フジテック（株）,6406,プライム,他社による買収（公開買付け、株式併合）,acquisition
2026-03-24,杉田エース（株）,7635,スタンダード,ＭＢＯ（公開買付け、株式併合）,acquisition
2026-03-25,ダイワ通信（株）,7116,スタンダード,支配株主等による買収（株式併合）,acquisition
2026-03-27,トーイン（株）,7923,スタンダード,他社による買収（公開買付け、株式等売渡請求による取得）,acquisition
2026-03-27,サンユー建設（株）,1841,スタンダード,ＭＢＯ（公開買付け、株式併合）,acquisition
2026-03-30,（株）エスクリ,2196,スタンダード,オンザページに合併（会社合併）,acquisition
2026-03-30,黒崎播磨（株）,5352,プライム,支配株主等による買収（公開買付け、株式等売渡請求による取得）,acquisition
2026-03-30,（株）パリミキホールディングス,7455,スタンダード,ＭＢＯ（公開買付け、株式併合）,acquisition
2026-03-30,（株）ランドコンピュータ,3924,プライム,トランヴィアの完全子会社化（株式移転）,acquisition
2026-03-30,（株）東邦システムサイエンス,4333,プライム,トランヴィアの完全子会社化（株式移転）,acquisition
2026-03-30,ＴＯＹＯイノベックス（株）,6210,スタンダード,GMSグループの完全子会社化（株式移転）,acquisition
2026-03-30,日野自動車（株）,7205,プライム,ARCHIONの完全子会社化（株式交換）,acquisition
2026-03-30,佐鳥電機（株）,7420,プライム,MIRAINIホールディングスの完全子会社化（株式移転）,acquisition
2026-03-30,萩原電気ホールディングス（株）,7467,プライム,MIRAINIホールディングスの完全子会社化（株式移転）,acquisition
2026-03-30,アイフル（株）,8515,プライム,ムニノバホールディングスの完全子会社化（株式移転）,acquisition
2026-03-30,日精樹脂工業（株）,6293,プライム,GMSグループの完全子会社化（株式移転）,acquisition
2026-04-01,（株）サンデー,7450,スタンダード,支配株主等による買収（公開買付け、株式等売渡請求による取得）,acquisition
2026-04-13,太平洋工業（株）,7250,プライム,ＭＢＯ（公開買付け、株式併合）,acquisition
2026-04-14,（株）豆蔵,202A,グロース,他社による買収（公開買付け、株式等売渡請求による取得）,acquisition
2026-04-15,日本パレットプール（株）,4690,スタンダード,他社による買収（公開買付け、株式等売渡請求による取得）,acquisition
2026-04-20,（株）Ｆａｓｔ　Ｆｉｔｎｅｓｓ　Ｊａｐａｎ,7092,プライム,ＭＢＯ（公開買付け、株式併合）,acquisition
2026-04-21,キヤノン電子（株）,7739,プライム,支配株主等による買収（公開買付け、株式併合）,acquisition
2026-04-24,メディカル・データ・ビジョン（株）,3902,プライム,他社による買収（公開買付け、株式併合）,acquisition
2026-04-27,三菱ロジスネクスト（株）,7105,スタンダード,他社による買収（公開買付け、株式併合）,acquisition
2026-04-27,（株）農業総合研究所,3541,グロース,他社による買収（公開買付け、株式併合）,acquisition
2026-04-27,（株）フレンドリー,8209,スタンダード,支配株主等による買収（株式併合）,acquisition
2026-04-28,ＢＢＤイニシアティブ（株）,5259,グロース,ヘッドウォータースに合併（会社合併）,acquisition
2026-05-01,ＡＢホテル（株）,6565,スタンダード,申請による上場廃止,other
2026-05-08,平安レイサービス（株）,2344,スタンダード,支配株主等による買収（株式併合）,acquisition
2026-05-11,久光製薬（株）,4530,プライム,ＭＢＯ（公開買付け、株式併合）,acquisition
2026-05-13,（株）フォーラムエンジニアリング,7088,プライム,他社による買収（公開買付け、株式併合）,acquisition
2026-05-15,（株）マンダム,4917,プライム,ＭＢＯ（公開買付け、株式併合）,acquisition
2026-05-15,澤藤電機（株）,6901,スタンダード,他社による買収（公開買付け、株式併合）,acquisition
2026-05-15,（株）ホギメディカル,3593,プライム,他社による買収（公開買付け、株式併合）,acquisition
2026-05-19,伊藤忠食品（株）,2692,プライム,支配株主等による買収（公開買付け、株式等売渡請求による取得）,acquisition
2026-05-28,前澤化成工業（株）,7925,プライム,前澤ホールディングスの完全子会社化（株式移転）,acquisition
2026-05-28,前澤工業（株）,6489,スタンダード,前澤ホールディングスの完全子会社化（株式移転）,acquisition
2026-05-28,東邦チタニウム（株）,5727,プライム,ＪＸ金属の完全子会社化（株式交換）,acquisition
2026-05-29,三井住建道路（株）,1776,スタンダード,支配株主等による買収（公開買付け、株式等売渡請求による取得）,acquisition
2026-05-29,ラクスル（株）,4384,プライム,ＭＢＯ（公開買付け、株式併合）,acquisition
2026-06-01,（株）アクアライン,6173,グロース,内部管理体制確認書が提出され、内部管理体制等が適切に整備されていない又は適切に運用される見込みがなくなったと当取引所が認める場合,failure
2026-06-01,（株）豊田自動織機,6201,プライム,他社による買収（公開買付け、株式併合）,acquisition
2026-06-01,（株）ビーアールホールディングス,1726,プライム,他社による買収（公開買付け、株式併合）,acquisition
2026-06-04,（株）丸運,9067,スタンダード,他社による買収（公開買付け、株式併合）,acquisition
2026-06-10,（株）ユタカ技研,7229,スタンダード,他社による買収（公開買付け、株式併合）,acquisition
2026-06-10,ＭＵＴＯＨホールディングス（株）,7999,スタンダード,他社による買収（公開買付け、株式併合）,acquisition
2026-06-11,（株）カイノス,4556,スタンダード,他社による買収（公開買付け、株式併合）,acquisition
2026-06-12,タカラバイオ（株）,4974,プライム,支配株主等による買収（公開買付け、株式併合）,acquisition
2026-06-15,（株）イーグランド,3294,スタンダード,他社による買収（公開買付け、株式等売渡請求による取得）,acquisition
2026-06-16,（株）ＩＮＦＯＲＩＣＨ,9338,グロース,ＭＢＯ（公開買付け、株式併合）,acquisition
2026-06-16,（株）ＭＣＪ,6670,スタンダード,ＭＢＯ（公開買付け、株式併合）,acquisition
2026-06-18,養命酒製造（株）,2540,プライム,他社による買収（公開買付け、株式併合）,acquisition
2026-06-19,（株）ワットマン,9927,スタンダード,ＭＢＯ（公開買付け、株式併合）,acquisition
2026-06-19,（株）エイジス,4659,スタンダード,他社による買収（公開買付け、株式併合）,acquisition
2026-06-23,（株）ジーフット,2686,スタンダード,支配株主等による買収（株式併合）,acquisition
2026-06-24,水道機工（株）,6403,スタンダード,他社による買収（公開買付け、株式併合）,acquisition
2026-06-25,三光産業（株）,7922,スタンダード,ＭＢＯ（公開買付け、株式併合）,acquisition
2026-06-26,バリオセキュア（株）,4494,スタンダード,ＨＥＲＯＺの完全子会社化（株式交換）,acquisition
2026-06-26,アレンザホールディングス（株）,3546,プライム,他社による買収（公開買付け、株式併合）,acquisition
2026-06-26,（株）エルアイイーエイチ,5856,スタンダード,内部管理体制確認書が提出され、内部管理体制等が適切に整備されていない又は適切に運用される見込みがなくなったと当取引所が認める場合,failure
2026-06-29,（株）ギフティ,4449,プライム,ギフティグループの完全子会社化（株式移転）,acquisition
2026-06-29,（株）Ｏｌｙｍｐｉｃグループ,8289,スタンダード,パン・パシフィック・インターナショナルホールディングスの完全子会社化（株式交換）,acquisition
2026-06-29,ＳＦＰホールディングス（株）,3198,プライム,クリエイト・レストランツ・ホールディングスに合併（会社合併）,acquisition
2026-07-01,（株）ブイキューブ,3681,プライム,上場維持基準への不適合,failure
2026-07-09,ウェーブロックホールディングス（株）,7940,スタンダード,他社による買収（株式併合）,acquisition
2026-07-17,（株）松屋アールアンドディ,7317,グロース,他社による買収（公開買付け、株式等売渡請求による取得）,acquisition
2026-07-22,シンポ（株）,5903,スタンダード,ＭＢＯ（公開買付け、株式等売渡請求による取得）,acquisition
2026-07-28,（株）ＴＨＥグローバル社,3271,スタンダード,他社による買収（公開買付け、株式併合）,acquisition
2026-07-29,（株）レアジョブ,6096,スタンダード,学研ホールディングスの完全子会社化（株式交換）,acquisition
2026-07-30,（株）エフティグループ,2763,スタンダード,光通信の完全子会社化（株式交換）,acquisition
2026-07-30,広栄化学（株）,4367,スタンダード,住友化学の完全子会社化（株式交換）,acquisition
2026-08-06,（株）ソラスト,6197,プライム,ＭＢＯ（公開買付け、株式併合）,acquisition
2026-08-10,（株）ＰＡＬＴＡＣ,8283,プライム,支配株主等による買収（公開買付け、株式等売渡請求による取得）,acquisition
2026-08-13,（株）グローバルインフォメーション,4171,スタンダード,他社による買収（公開買付け、株式等売渡請求による取得）,acquisition
2026-08-25,昭和ホールディングス（株）,5103,スタンダード,内部管理体制等が適切に整備される又は適切に運用される見込みがないと当取引所が認める場合,failure
2026-08-28,ｎｍｓ　ホールディングス（株）,2162,スタンダード,支配株主等による買収（公開買付け、株式等売渡請求による取得）,acquisition
2026-08-28,神鋼鋼線工業（株）,5660,スタンダード,神戸製鋼所の完全子会社化（株式交換）,acquisition
2026-08-28,ディーブイエックス（株）,3079,スタンダード,オルバディーブイエックスヘルスケアの完全子会社化（株式交換）,acquisition
2026-09-02,（株）ジェイ・エス・ビー,3480,プライム,他社による買収（公開買付け、株式等売渡請求による取得）,acquisition
2026-09-21,（株）植松商会,9914,スタンダード,上場維持基準への不適合,failure
2026-10-01,（株）テクノマセマティカル,3787,スタンダード,上場維持基準への不適合,failure
2026-10-01,（株）ヤマザキ,6147,スタンダード,上場維持基準への不適合,failure
2026-10-01,カワセコンピュータサプライ（株）,7851,スタンダード,上場維持基準への不適合,failure
2026-10-01,協立情報通信（株）,3670,スタンダード,上場維持基準への不適合,failure
2026-10-01,（株）ビーマップ,4316,グロース,上場維持基準への不適合,failure
2026-10-01,（株）山大,7426,スタンダード,上場維持基準への不適合,failure
2026-10-01,（株）桜井製作所,7255,スタンダード,上場維持基準への不適合,failure
2026-10-01,（株）光陽社,7946,スタンダード,上場維持基準への不適合,failure
2026-10-01,ネポン（株）,7985,スタンダード,上場維持基準への不適合,failure
2026-10-01,クボテック（株）,7709,スタンダード,上場維持基準への不適合,failure
2027-01-01,（株）ホーブ,1382,スタンダード,上場維持基準への不適合,failure
